{
  "Records": [
    {
      "eventVersion": "2.0",
      "eventTime": "2017-02-20T19:02:40.693Z",
      "requestParameters": {
        "sourceIPAddress": "47.32.181.192"
      },
      "s3": {
        "configurationId": "b289d2d5-af67-4309-bb80-3ce9ab0585b2",
        "object": {
          "eTag": "7a5b5f8b6cb1bd22fcb8bbe78338db61",
          "sequencer": "0058AB3D3DF9E8129B",
          "key": "IMG_3812.m4v",
          "size": 13201054
        },
        "bucket": {
          "arn": "arn:aws:s3:::mahryboutte.com-queue",
          "name": "mahryboutte.com-queue",
          "ownerIdentity": {
            "principalId": "A11TZT487RFCOS"
          }
        },
        "s3SchemaVersion": "1.0"
      },
      "responseElements": {
        "x-amz-id-2": "QEmmoddOZJTS9JIDTcI+TNrsDDEHCG2w4YZ3eFljnmcW8j/nPy/a6GiMIG17urwoDZAfsFFBBwo=",
        "x-amz-request-id": "5FC0ABD5DE7CA6B7"
      },
      "awsRegion": "us-west-2",
      "eventName": "ObjectCreated:Put",
      "userIdentity": {
        "principalId": "AWS:AIDAJE34PSKVOSW66QR4G"
      },
      "eventSource": "aws:s3"
    }
  ]
}